{
    "feature_names": [
        "X1",
        "X2",
        "X3",
        "X4",
        "X5",
        "X6",
        "X7",
        "X8"
    ],
    "feature_ranges": {
        "X1": {
            "min": 0.62,
            "max": 0.98,
            "mean": 0.7641666666666667
        },
        "X2": {
            "min": 514.5,
            "max": 808.5,
            "mean": 671.7083333333334
        },
        "X3": {
            "min": 245.0,
            "max": 416.5,
            "mean": 318.5
        },
        "X4": {
            "min": 110.25,
            "max": 220.5,
            "mean": 176.60416666666666
        },
        "X5": {
            "min": 3.5,
            "max": 7.0,
            "mean": 5.25
        },
        "X6": {
            "min": 2.0,
            "max": 5.0,
            "mean": 3.5
        },
        "X7": {
            "min": 0.0,
            "max": 0.4,
            "mean": 0.234375
        },
        "X8": {
            "min": 0.0,
            "max": 5.0,
            "mean": 2.8125
        }
    },
    "targets": [
        "Y1",
        "Y2"
    ]
}