{
    "feature_names": [
        "SP",
        "DAX",
        "FTSE",
        "NIKKEI",
        "BOVESPA",
        "EU",
        "EM"
    ],
    "feature_ranges": {
        "SP": {
            "min": -0.054261984,
            "max": 0.06836638,
            "mean": 0.0006432990888059702
        },
        "DAX": {
            "min": -0.052331177,
            "max": 0.058950531,
            "mean": 0.0007207976472947761
        },
        "FTSE": {
            "min": -0.054815959,
            "max": 0.050322689,
            "mean": 0.0005102774638059701
        },
        "NIKKEI": {
            "min": -0.050447588,
            "max": 0.061229315,
            "mean": 0.00030771450783582087
        },
        "BOVESPA": {
            "min": -0.053849474,
            "max": 0.06379152,
            "mean": 0.0009353327548507461
        },
        "EU": {
            "min": -0.048816774,
            "max": 0.067042467,
            "mean": 0.00047058098302238806
        },
        "EM": {
            "min": -0.038564463,
            "max": 0.047804531,
            "mean": 0.0009359356117350747
        }
    }
}