{
    "feature_names": [
        "Hour",
        "DayOfWeek",
        "Month",
        "Sub_metering_1",
        "Sub_metering_2",
        "Sub_metering_3"
    ],
    "numerical_cols": [
        "Sub_metering_1",
        "Sub_metering_2",
        "Sub_metering_3"
    ],
    "categorical_cols": [
        "Hour",
        "DayOfWeek",
        "Month"
    ],
    "categorical_options": {
        "Hour": [
            0,
            1,
            2,
            3,
            4,
            5,
            6,
            7,
            8,
            9,
            10,
            11,
            12,
            13,
            14,
            15,
            16,
            17,
            18,
            19,
            20,
            21,
            22,
            23
        ],
        "DayOfWeek": [
            0,
            1,
            2,
            3,
            4,
            5,
            6
        ],
        "Month": [
            1,
            2,
            3,
            4,
            5,
            6,
            7,
            8,
            9,
            10,
            11,
            12
        ]
    },
    "feature_ranges": {
        "Sub_metering_1": {
            "min": 0.0,
            "max": 48.36666666666667,
            "mean": 1.1216307329567046
        },
        "Sub_metering_2": {
            "min": 0.0,
            "max": 46.43333333333333,
            "mean": 1.2985656652525124
        },
        "Sub_metering_3": {
            "min": 0.0,
            "max": 21.55,
            "mean": 6.4588819964384765
        }
    }
}