{"feature_names": ["Length", "Diameter", "Height", "Whole weight", "Shucked weight", "Viscera weight", "Shell weight", "Age", "Sex_I", "Sex_M"], "feature_ranges": {"Length": {"min": 0.075, "max": 0.815, "mean": 0.5239920995930094}, "Diameter": {"min": 0.055, "max": 0.65, "mean": 0.40788125448886764}, "Height": {"min": 0.0, "max": 1.13, "mean": 0.13951639932966242}, "Whole weight": {"min": 0.002, "max": 2.8255, "mean": 0.8287421594445774}, "Shucked weight": {"min": 0.001, "max": 1.488, "mean": 0.35936748862820206}, "Viscera weight": {"min": 0.0005, "max": 0.76, "mean": 0.18059360785252573}, "Shell weight": {"min": 0.0015, "max": 1.005, "mean": 0.23883085946851806}}}