{"feature_names": ["pm2.5", "DEWP", "TEMP", "PRES", "Iws", "Is", "Ir"], "look_back": 24, "feature_ranges": {"pm2.5": {"min": 0.0, "max": 994.0, "mean": 98.61321455085375}, "DEWP": {"min": -40.0, "max": 28.0, "mean": 1.7501736235840697}, "TEMP": {"min": -19.0, "max": 42.0, "mean": 12.401561414852672}, "PRES": {"min": 991.0, "max": 1046.0, "mean": 1016.4428958019015}, "Iws": {"min": 0.45, "max": 565.49, "mean": 23.86674737169816}, "Is": {"min": 0.0, "max": 27.0, "mean": 0.055344014177263694}, "Ir": {"min": 0.0, "max": 36.0, "mean": 0.19486553152764807}}}