{"feature_names": ["Week of the month", "Day of the week", "Non-urgent order", "Urgent order", "Order type A", "Order type B", "Order type C", "Fiscal sector orders", "Orders from the traffic controller sector", "Banking orders (1)", "Banking orders (2)", "Banking orders (3)"], "feature_ranges": {"Week of the month": {"min": 1.0, "max": 5.0, "mean": 3.0166666666666666}, "Day of the week": {"min": 2.0, "max": 6.0, "mean": 4.033333333333333}, "Non-urgent order": {"min": 43.651, "max": 435.304, "mean": 172.55493333333334}, "Urgent order": {"min": 77.371, "max": 223.27, "mean": 118.92084999999999}, "Order type A": {"min": 21.826, "max": 118.178, "mean": 52.112216666666676}, "Order type B": {"min": 25.125, "max": 267.342, "mean": 109.22985}, "Order type C": {"min": 74.372, "max": 302.448, "mean": 139.53125}, "Fiscal sector orders": {"min": 0.0, "max": 865.0, "mean": 77.39613333333335}, "Orders from the traffic controller sector": {"min": 11992.0, "max": 71772.0, "mean": 44504.35}, "Banking orders (1)": {"min": 3452.0, "max": 210508.0, "mean": 46640.833333333336}, "Banking orders (2)": {"min": 16411.0, "max": 188411.0, "mean": 79401.48333333334}, "Banking orders (3)": {"min": 7679.0, "max": 73839.0, "mean": 23114.633333333335}}}