{"feature_names": ["Age", "Sex", "CP", "TrestBPT", "Chol", "FBS", "RestECG", "Thalach", "Exang", "OldPeak", "Slope", "Ca", "Thal"], "columns_to_bin": ["Age", "Chol", "Thalach", "OldPeak"], "remaining_cols": ["Sex", "CP", "TrestBPT", "FBS", "RestECG", "Exang", "Slope", "Ca", "Thal"], "imputation_values": {"Ca": 0.0, "Thal": 3.0}, "feature_ranges": {"Age": {"min": 29.0, "max": 77.0, "mean": 54.43894389438944}, "Sex": {"min": 0.0, "max": 1.0, "mean": 0.6798679867986799}, "CP": {"min": 1.0, "max": 4.0, "mean": 3.1584158415841586}, "TrestBPT": {"min": 94.0, "max": 200.0, "mean": 131.68976897689768}, "Chol": {"min": 126.0, "max": 564.0, "mean": 246.69306930693068}, "FBS": {"min": 0.0, "max": 1.0, "mean": 0.1485148514851485}, "RestECG": {"min": 0.0, "max": 2.0, "mean": 0.9900990099009901}, "Thalach": {"min": 71.0, "max": 202.0, "mean": 149.6072607260726}, "Exang": {"min": 0.0, "max": 1.0, "mean": 0.32673267326732675}, "OldPeak": {"min": 0.0, "max": 6.2, "mean": 1.0396039603960396}, "Slope": {"min": 1.0, "max": 3.0, "mean": 1.6006600660066006}, "Ca": {"min": 0.0, "max": 3.0, "mean": 0.6722408026755853}, "Thal": {"min": 3.0, "max": 7.0, "mean": 4.73421926910299}}}