{"feature_names": ["X1 transaction date", "X2 house age", "X3 distance to the nearest MRT station", "X4 number of convenience stores", "X5 latitude", "X6 longitude"], "feature_ranges": {"X1 transaction date": {"min": 2012.6666667, "max": 2013.5833333, "mean": 2013.1489533028987}, "X2 house age": {"min": 0.0, "max": 43.8, "mean": 17.71256038647343}, "X3 distance to the nearest MRT station": {"min": 23.38284, "max": 6488.021, "mean": 1083.8856889130436}, "X4 number of convenience stores": {"min": 0.0, "max": 10.0, "mean": 4.094202898550725}, "X5 latitude": {"min": 24.93207, "max": 25.01459, "mean": 24.969030072463767}, "X6 longitude": {"min": 121.47353, "max": 121.56627, "mean": 121.53336108695655}}}