{"feature_names": ["STG", "SCG", "STR", "LPR", "PEG"], "feature_ranges": {"STG": {"min": 0.0, "max": 0.99, "mean": 0.37114728682170545}, "SCG": {"min": 0.0, "max": 0.9, "mean": 0.35567441860465115}, "STR": {"min": 0.0, "max": 0.95, "mean": 0.4680038759689923}, "LPR": {"min": 0.0, "max": 0.99, "mean": 0.4327131782945737}, "PEG": {"min": 0.0, "max": 0.93, "mean": 0.45853875968992247}}}